source_id,title,organization,publication_date,access_date,url,local_path,sha256,notes
fred_dcoilbrenteu_csv,Crude Oil Prices: Brent - Europe,Federal Reserve Bank of St. Louis,,2026-04-06,https://fred.stlouisfed.org/series/DCOILBRENTEU,history/data/raw/fred_dcoilbrenteu.csv,be5ba4469c7c65f2ec2b15fc0308cb16974fec135a5a12691f224f8d7981a8c2,Live FRED CSV snapshot for the Brent daily series sourced from EIA.
fred_dcoilwtico_csv,"Crude Oil Prices: West Texas Intermediate (WTI) - Cushing, Oklahoma",Federal Reserve Bank of St. Louis,,2026-04-06,https://fred.stlouisfed.org/series/DCOILWTICO,history/data/raw/fred_dcoilwtico.csv,db2116039e24d99bd0e1351c8e401091b337cb8ff0aebe16d9c61420c32f6b38,Live FRED CSV snapshot for the WTI daily series sourced from EIA.
eia_daily_prices_2026_04_06_html,Today in Energy Daily Prices,U.S. Energy Information Administration,2026-04-06,2026-04-06,https://www.eia.gov/todayinenergy/prices.php,data/raw/eia_daily_prices_2026-04-06.html,f19809b7451ae88020f958e6f0bc0cb593179985309abbe4a41f053f9a0e1ffd,Used to append the latest observed Brent and WTI close available on the analysis date.
eia_steo_2026_03_pdf,"Short-Term Energy Outlook, March 2026",U.S. Energy Information Administration,2026-03-10,2026-04-06,https://www.eia.gov/outlooks/steo/pdf/steo_full.pdf,data/raw/eia_steo_full_2026-03.pdf,7b5f88f2059bb808efe366fad931ba656391675cb51b4086d60a3abac8449538,Used for the March 2026 Brent expectation anchor under continued Hormuz disruption.
opec_2026_04_05_production_decision_html,"Saudi Arabia, Russia, Iraq, UAE, Kuwait, Kazakhstan, Algeria, and Oman adjust production and reaffirm commitment to market stability",Organization of the Petroleum Exporting Countries,2026-04-05,2026-04-06,https://www.opec.org/pr-detail/597-5-april-2026.html?mod=livecoverage_web,data/raw/opec_2026-04-05_production_decision.html,ebb350561103207e62ddf47bf58e04d20a34c1dc5989785f6d0eec15ca2fe833,Used for the May 2026 206 kb/d supply adjustment anchor.
eia_hormuz_tie_2025_06_16_html,"Amid regional conflict, the Strait of Hormuz remains critical oil chokepoint",U.S. Energy Information Administration,2025-06-16,2026-04-06,https://www.eia.gov/todayinenergy/detail.php?id=65504,data/raw/eia_hormuz_today_in_energy_2025-06-16.html,8a1dc31073d7778f1481a4a07239aa2917e9d8053dc196aa302f438a93c9dbb3,Structural baseline source for Hormuz exposure and bypass capacity.
mscio_jmic_update_003_2026_02_28_pdf,Update 003 - 001 - JMIC Advisory Note 28_FEB_2026_FINAL,MSCIO / JMIC,2026-03-04,2026-04-06,https://www.mscio.eu/media/documents/Update_003_-_001_-_JMIC_Advisory_Note_28_FEB_2026_FINAL.pdf,maritime_traffic/data/raw/mscio_jmic_update_003_2026-02-28.pdf,89a5034179e3d48909c20a885ae69a3de268151837a4c2bff0979c68ad137353,Conflict-start reference note for the Strait of Hormuz threat environment.
mscio_jmic_update_006_2026_03_06_pdf,Update 006 JMIC Advisory Note 06_MAR_2026_FINAL,MSCIO / JMIC,2026-03-06,2026-04-06,https://www.mscio.eu/media/documents/Update_006_JMIC_Advisory_Note_06_MAR_2026_FINAL.pdf,maritime_traffic/data/raw/mscio_jmic_update_006_2026-03-06.pdf,8180f5d7806143143d88ec1300d7bca57c440172d8788e85fa77c5eb4bc9e63f,Contains the sharp before-vs-after transit comparison spanning 28 February through 6 March 2026.
mscio_jmic_update_008_2026_03_08_pdf,Update 008 - JMIC Advisory Note 08_MAR_2026,MSCIO / JMIC,2026-03-08,2026-04-06,https://www.mscio.eu/media/documents/Update_008_-_JMIC_Advisory_Note_08_MAR_2026.pdf,maritime_traffic/data/raw/mscio_jmic_update_008_2026-03-08.pdf,5e5bc54eb4f97bedca45e804b4d51e59dbe41267918a13c974da2f32b6a015bc,Contains AIS-derived cargo and tanker transits for 1 through 7 March 2026.
mscio_jmic_update_010_2026_03_10_pdf,Update 010 - JMIC Advisory Note 10_MAR_2026_FINAL,MSCIO / JMIC,2026-03-13,2026-04-06,https://www.mscio.eu/media/documents/Update_010_-_JMIC_Advisory_Note_10_MAR_2026_FINAL.pdf,maritime_traffic/data/raw/mscio_jmic_update_010_2026-03-10.pdf,4d11c5f377451e37498e234c4d2f154693bd4e1f5aee25b0a30d54d9f09431a7,Contains AIS-derived cargo and tanker transits for 3 through 9 March 2026.
mscio_jmic_update_016_2026_03_16_pdf,Update 016 - JMIC Advisory Note 16_MAR_2026_FINAL,MSCIO / JMIC,2026-03-20,2026-04-06,https://www.mscio.eu/media/documents/Update_016_-_JMIC_Advisory_Note_16_MAR_2026_FINAL.pdf,maritime_traffic/data/raw/mscio_jmic_update_016_2026-03-16.pdf,8d83c9a1e9432b6223e8d207050f5892ef6452645928ec719bbd6a8ed30f1be2,Contains 9 to 15 March 2026 Strait of Hormuz cargo and tanker transit tables and the ~138/day historical reference.
mscio_jmic_update_018_2026_03_18_pdf,Update 018 - JMIC Advisory Note 18-Mar_FINAL,MSCIO / JMIC,2026-03-20,2026-04-06,https://www.mscio.eu/media/documents/Update_018_-_JMIC_Advisory_Note_18-Mar_FINAL.pdf,maritime_traffic/data/raw/mscio_jmic_update_018_2026-03-18.pdf,1eca9d6fc25b05f71a48ecb9e72ec5abbeb10c198e67aa55383e35ce68eec739,Contains 11 to 17 March 2026 Strait of Hormuz cargo and tanker transit tables.
mscio_jmic_week_8_dashboard_2026_02_23_pdf,JMIC Week 8 Dashboard 16 Feb to 22 Feb 26,MSCIO / JMIC,2026-02-23,2026-04-06,https://mscio.eu/media/documents/JMIC_Week_8_Dashboard_16_Feb_to_22_Feb_26.pdf,maritime_traffic/data/raw/mscio_jmic_week_8_dashboard_2026-02-23.pdf,bd742e9ae2eff975470c34f61116a8146aeb9822b0a1ed66a791fd8c286d0d9d,Pre-hostilities weekly baseline dashboard.
unctad_rmt2025_ch2_pdf,Review of Maritime Transport 2025 Chapter II,United Nations Conference on Trade and Development,2025-10-22,2026-04-06,https://unctad.org/system/files/official-document/rmt2025ch2_en.pdf,maritime_traffic/data/raw/unctad_review_of_maritime_transport_2025_ch2.pdf,1f29b6f422b87e665e81907145c871cdecbf84d849a9d278330ddf1008e03322,Contains the mid-June 2025 average ship transit reference for the Strait of Hormuz.
