parameter,value,units,source_id,notes
baseline_year,2024,year,eia_hormuz_tie_2025_06_16_html,The initial model is anchored to 2024 flow patterns.
node_count,20,count,first_degree_modeling_assumption,"Mixed exporter, transit, market, and reserve node set."
closure_fraction,1.0,share,first_degree_modeling_assumption,The baseline month-ahead closure scenario assumes full closure of Hormuz.
total_oil_flow_million_bpd_2024,20.261741721311477,million_bpd,eia_hormuz_fig1_2025_06_16_xlsx,Total oil flow through Hormuz in 2024.
crude_and_condensate_flow_million_bpd_2024,14.318613808743168,million_bpd,eia_hormuz_fig1_2025_06_16_xlsx,Crude and condensate flow through Hormuz in 2024.
petroleum_products_flow_million_bpd_2024,5.9431279125683094,million_bpd,eia_hormuz_fig1_2025_06_16_xlsx,Petroleum-products flow through Hormuz in 2024.
available_bypass_capacity_million_bpd,2.6,million_bpd,eia_hormuz_tie_2025_06_16_html,EIA estimate of effective unused Saudi and UAE bypass capacity.
asian_destination_share_of_crude_flows,0.84,share,eia_hormuz_tie_2025_06_16_html,Share of Hormuz crude and condensate going to Asian markets in 2024.
top_four_asian_destination_share_of_crude_flows,0.69,share,eia_hormuz_tie_2025_06_16_html,"Share of Hormuz crude and condensate going to China, India, Japan, and South Korea in 2024."
