event_id,date,category,title,impact_channel,direction,source_id,notes
hormuz_mid_june_2025_baseline,2025-06-15,shipping_baseline,Mid-June 2025 Strait of Hormuz baseline traffic remained normal,shipping_baseline,neutral,unctad_rmt2025_ch2_pdf,UNCTAD cites an average of 144 ship transits per day by mid-June 2025 and no significant change by end-June.
eia_hormuz_exposure_note,2025-06-16,structural_exposure,EIA quantifies Hormuz oil exposure and bypass limits,structural_exposure,risk_up,eia_hormuz_tie_2025_06_16_html,EIA states 2024 Hormuz oil flow near 20 mb/d and available bypass capacity around 2.6 mb/d.
hostilities_begin,2026-02-28,conflict_start,Regional hostilities begin,geopolitical_risk,risk_up,mscio_jmic_update_003_2026_02_28_pdf,JMIC uses 28 February 2026 as the start of the current escalation and reports reduced but ongoing Strait traffic with no formal closure.
traffic_collapse_visible,2026-03-06,shipping_disruption,AIS-derived Hormuz traffic collapses after the conflict start,transit_capacity,risk_up,mscio_jmic_update_006_2026_03_06_pdf,JMIC shows cargo traffic falling from 98 on 28 February to 4 on 6 March and tanker traffic from 50 to 2.
eia_steo_march_anchor,2026-03-10,market_expectation,EIA STEO keeps Brent above $95 over the next two months,price_expectation,risk_up,eia_steo_2026_03_pdf,The March 2026 STEO says Brent stays above $95/b over the next two months and averages $91/b in 2Q26 because of reduced Hormuz flows.
persistent_mid_march_disruption,2026-03-16,shipping_disruption,Hormuz cargo traffic remains far below historical averages in mid-March,transit_capacity,risk_up,mscio_jmic_update_016_2026_03_16_pdf,JMIC historical reference is about 138 vessels/day while only three cargo transits were confirmed in the prior 24 hours.
critical_risk_continues,2026-03-18,shipping_disruption,Critical maritime risk persists despite no new confirmed attacks since 12 March,geopolitical_risk,risk_up,mscio_jmic_update_018_2026_03_18_pdf,JMIC still reports only four confirmed commercial vessel transits in the prior 24 hours and maintains a critical risk level.
opec_may_adjustment,2026-04-05,supply_response,OPEC+ announces a 206 kb/d May 2026 production adjustment,supply_response,risk_down,opec_2026_04_05_production_decision_html,This is the explicit non-Hormuz supply response anchor used in the first scenario engine.
latest_price_anchor,2026-04-06,price_anchor,EIA daily prices page publishes the latest Brent and WTI close used in the analysis,price_observation,neutral,eia_daily_prices_2026_04_06_html,The page dated 6 April 2026 reports Brent at 127.61 and WTI at 113.23 for the latest observed close on 2 April 2026.
